taxon_id,scientific_name,rank,common_name,iconic_taxon_name,observations_in_region,inat_observations_global,wikipedia_url,photo_url,photo_license_code,photo_attribution
486918,Geranium subcaulescens,species,Grey Crane's-bill,Plantae,12,165,http://en.wikipedia.org/wiki/Geranium_subcaulescens,https://inaturalist-open-data.s3.amazonaws.com/photos/300221409/medium.jpeg,cc-by-nc,"(c) Jakob Fahr, some rights reserved (CC BY-NC), uploaded by Jakob Fahr"
509888,Saxifraga sempervivum,species,,Plantae,10,162,,https://inaturalist-open-data.s3.amazonaws.com/photos/467884754/medium.jpg,cc-by-nc,"(c) uwegrabner, some rights reserved (CC BY-NC)"
346044,Crocus scardicus,species,,Plantae,9,32,https://en.wikipedia.org/wiki/Crocus_scardicus,https://static.inaturalist.org/photos/110954885/medium.jpeg,,"(c) Marko Doboš, all rights reserved, uploaded by Marko Doboš"
60885,Dactylorhiza sambucina,species,Elder-flowered Orchid,Plantae,9,12064,https://en.wikipedia.org/wiki/Dactylorhiza_sambucina,https://inaturalist-open-data.s3.amazonaws.com/photos/140277/medium.jpg,cc-by-nc-nd,"(c) Emilio, some rights reserved (CC BY-NC-ND)"
132603,Gentiana verna,species,spring gentian,Plantae,9,14332,http://en.wikipedia.org/wiki/Gentiana_verna,https://inaturalist-open-data.s3.amazonaws.com/photos/52656295/medium.jpg,cc-by-sa,"(c) xulescu_g, some rights reserved (CC BY-SA)"
83541,Dryas octopetala,species,Eight-petal Mountain-Avens,Plantae,8,13884,http://en.wikipedia.org/wiki/Dryas_octopetala,https://inaturalist-open-data.s3.amazonaws.com/photos/65287013/medium.jpg,cc-by,"(c) William Stephens, some rights reserved (CC BY), uploaded by William Stephens"
858417,Sempervivum macedonicum,species,,Plantae,8,23,https://en.wikipedia.org/wiki/Sempervivum_macedonicum,https://static.inaturalist.org/photos/30902608/medium.jpeg,,"(c) Johannes Klein, all rights reserved, uploaded by Johannes Klein"
130537,Geum montanum,species,Alpine avens,Plantae,7,4881,http://en.wikipedia.org/wiki/Geum_montanum,https://inaturalist-open-data.s3.amazonaws.com/photos/73328334/medium.jpg,cc-by-nc,"(c) René Stalder, some rights reserved (CC BY-NC), uploaded by René Stalder"
464936,Geum coccineum,species,Scarlet Avens,Plantae,6,1287,http://en.wikipedia.org/wiki/Geum_coccineum,https://static.inaturalist.org/photos/28785629/medium.jpeg,,"(c) blancadog, all rights reserved, uploaded by blancadog"
405438,Ptilostemon afer,species,Grecian Thistle,Plantae,6,302,,https://inaturalist-open-data.s3.amazonaws.com/photos/144439145/medium.jpg,cc-by-nc,"(c) josefwirth, some rights reserved (CC BY-NC), uploaded by josefwirth"
168355,Salix reticulata,species,Net-leaved Willow,Plantae,6,4516,http://en.wikipedia.org/wiki/Salix_reticulata,https://inaturalist-open-data.s3.amazonaws.com/photos/106117200/medium.jpeg,cc-by-nc,"(c) Andy Fyon, some rights reserved (CC BY-NC), uploaded by Andy Fyon"
132437,Saxifraga paniculata,species,Livelong Saxifrage,Plantae,6,9659,https://en.wikipedia.org/wiki/Saxifraga_paniculata,https://inaturalist-open-data.s3.amazonaws.com/photos/205226435/medium.jpeg,cc-by-nc,"(c) Mauro Doffria, some rights reserved (CC BY-NC), uploaded by Mauro Doffria"
52816,Achillea ageratifolia,species,Greek yarrow,Plantae,5,98,http://en.wikipedia.org/wiki/Achillea_ageratifolia,https://inaturalist-open-data.s3.amazonaws.com/photos/115961350/medium.jpeg,cc-by,"(c) Todd Boland, some rights reserved (CC BY), uploaded by Todd Boland"
816269,Pinguicula balcanica,species,,Plantae,5,124,http://en.wikipedia.org/wiki/Pinguicula_balcanica,https://inaturalist-open-data.s3.amazonaws.com/photos/29004556/medium.jpeg,cc-by-nc,"(c) jcorrie, some rights reserved (CC BY-NC)"
518938,Psilocybe serbica,species,,Fungi,5,528,http://en.wikipedia.org/wiki/Psilocybe_serbica,https://static.inaturalist.org/photos/32908096/medium.jpg,,"(c) nikolall, all rights reserved, uploaded by nikolall"
346041,Crocus veluchensis,species,,Plantae,4,261,https://en.wikipedia.org/wiki/Crocus_veluchensis,https://static.inaturalist.org/photos/9518750/medium.jpg,,"(c) Taewoo Kim, all rights reserved"
464285,Erica spiculifolia,species,Eastern Heath,Plantae,4,278,https://en.wikipedia.org/wiki/Erica_spiculifolia,https://inaturalist-open-data.s3.amazonaws.com/photos/45308840/medium.jpg,cc-by-nc,"(c) egusheva, some rights reserved (CC BY-NC), uploaded by egusheva"
465762,Lycaena candens,species,Balkan Copper,Insecta,4,351,https://en.wikipedia.org/wiki/Lycaena_candens,https://inaturalist-open-data.s3.amazonaws.com/photos/63079790/medium.jpg,cc-by-nc,"(c) Norbert Sauberer, some rights reserved (CC BY-NC), uploaded by Norbert Sauberer"
334587,Sedum atratum,species,Dark Stonecrop,Plantae,4,1641,https://en.wikipedia.org/wiki/Sedum_atratum,https://inaturalist-open-data.s3.amazonaws.com/photos/56032218/medium.jpeg,cc-by-nc,"(c) Franco Colnago, some rights reserved (CC BY-NC), uploaded by Franco Colnago"
842344,Androsace hedreantha,species,,Plantae,3,8,,https://static.inaturalist.org/photos/111598326/medium.jpeg,,"(c) Marko Doboš, all rights reserved, uploaded by Marko Doboš"
881556,Anemonastrum narcissiflorum,species,Narcissus-flowered Anemone,Plantae,3,3093,https://en.wikipedia.org/wiki/Anemonastrum_narcissiflorum,https://inaturalist-open-data.s3.amazonaws.com/photos/518471485/medium.jpg,cc-by-nc,"(c) Li Jianong, some rights reserved (CC BY-NC), uploaded by Li Jianong"
132997,Boloria euphrosyne,species,Pearl-bordered Fritillary,Insecta,3,9232,http://en.wikipedia.org/wiki/Pearl-bordered_fritillary,https://inaturalist-open-data.s3.amazonaws.com/photos/4002503/medium.jpg,cc-by-nc-sa,"(c) Anne SORBES, some rights reserved (CC BY-NC-SA)"
56299,Carlina acaulis,species,Silver Thistle,Plantae,3,12537,http://en.wikipedia.org/wiki/Carlina_acaulis,https://inaturalist-open-data.s3.amazonaws.com/photos/5200445/medium.jpg,cc-by-sa,"(c) Udo Schmidt, some rights reserved (CC BY-SA)"
564969,Chamaenerion angustifolium,species,fireweed,Plantae,3,164370,https://en.wikipedia.org/wiki/Chamaenerion_angustifolium,https://inaturalist-open-data.s3.amazonaws.com/photos/619007051/medium.jpg,cc-by-nc,"(c) Jørgen Møller, alcuni diritti riservati (CC BY-NC), caricata da Jørgen Møller"
327227,Clinopodium alpinum,species,Rock Thyme,Plantae,3,6521,https://en.wikipedia.org/wiki/Clinopodium_alpinum,https://static.inaturalist.org/photos/93728178/medium.jpg,,"(c) Thomas Eicher, all rights reserved, uploaded by Thomas Eicher"
9195,Emberiza citrinella,species,Yellowhammer,Aves,3,58299,http://en.wikipedia.org/wiki/Yellowhammer,https://inaturalist-open-data.s3.amazonaws.com/photos/115890496/medium.jpg,cc-by-nc-sa,"(c) Pekka Malinen, some rights reserved (CC BY-NC-SA), uploaded by Pekka Malinen"
55766,Euphorbia cyparissias,species,cypress spurge,Plantae,3,58128,http://en.wikipedia.org/wiki/Euphorbia_cyparissias,https://inaturalist-open-data.s3.amazonaws.com/photos/283012730/medium.jpeg,cc-by-nc,"(c) Norbert Lanzanasto, some rights reserved (CC BY-NC), uploaded by Norbert Lanzanasto"
448092,Gentiana utriculosa,species,Bladder Gentian,Plantae,3,1302,https://en.wikipedia.org/wiki/Gentiana_utriculosa,https://inaturalist-open-data.s3.amazonaws.com/photos/24325812/medium.jpg,cc-by-nc,"(c) Jakob Fahr, some rights reserved (CC BY-NC), uploaded by Jakob Fahr"
334899,Hypericum richeri,species,,Plantae,3,991,,https://static.inaturalist.org/photos/29224376/medium.jpeg,,"(c) Thomas Silberfeld, all rights reserved, uploaded by Thomas Silberfeld"
1501832,Lophiolepis eriophora,species,Woolly Thistle,Plantae,3,6630,https://en.wikipedia.org/wiki/Cirsium_eriophorum,https://inaturalist-open-data.s3.amazonaws.com/photos/11193395/medium.jpeg,cc-by,"(c) Kostas Zontanos, some rights reserved (CC BY), uploaded by Kostas Zontanos"
83081,Myosotis alpestris,species,Alpine forget-me-not,Plantae,3,6472,http://en.wikipedia.org/wiki/Myosotis_alpestris,https://inaturalist-open-data.s3.amazonaws.com/photos/294736757/medium.jpeg,cc-by-nc,"(c) Dragonfyre, some rights reserved (CC BY-NC), uploaded by Dragonfyre"
12822,Oenanthe oenanthe,species,Northern Wheatear,Aves,3,48756,http://en.wikipedia.org/wiki/Northern_wheatear,https://inaturalist-open-data.s3.amazonaws.com/photos/67410847/medium.jpeg,cc-by-nc,"(c) nfeddu, some rights reserved (CC BY-NC), uploaded by nfeddu"
5325,Pernis apivorus,species,European Honey-buzzard,Aves,3,19042,http://en.wikipedia.org/wiki/European_honey_buzzard,https://inaturalist-open-data.s3.amazonaws.com/photos/142311675/medium.jpg,cc-by-nc,"(c) vyatka, some rights reserved (CC BY-NC), uploaded by vyatka"
13000,Phoenicurus ochruros,species,Black Redstart,Aves,3,93543,http://en.wikipedia.org/wiki/Black_redstart,https://static.inaturalist.org/photos/120990680/medium.jpeg,,"(c) David Roche, all rights reserved, uploaded by David Roche"
245754,Phyteuma orbiculare,species,Round-headed Rampion,Plantae,3,8231,http://en.wikipedia.org/wiki/Phyteuma_orbiculare,https://inaturalist-open-data.s3.amazonaws.com/photos/27294201/medium.jpg,cc-by-sa,"(c) Jerzy Opioła, some rights reserved (CC BY-SA)"
68300,Ptychostomum pseudotriquetrum,species,Long-leaved Thread Moss,Plantae,3,3168,https://en.wikipedia.org/wiki/Ptychostomum_pseudotriquetrum,https://inaturalist-open-data.s3.amazonaws.com/photos/176174086/medium.jpeg,cc-by-nc,"(c) Brian Starzomski, some rights reserved (CC BY-NC), uploaded by Brian Starzomski"
479420,Salix retusa,species,Retuse-leaved Willow,Plantae,3,1279,http://en.wikipedia.org/wiki/Salix_retusa,https://inaturalist-open-data.s3.amazonaws.com/photos/81044244/medium.jpg,cc-by-nc,"(c) cloudya, some rights reserved (CC BY-NC), uploaded by cloudya"
472829,Trypocopris vernalis,species,Springtime Dung Beetle,Insecta,3,11938,http://en.wikipedia.org/wiki/Trypocopris_vernalis,https://inaturalist-open-data.s3.amazonaws.com/photos/43644769/medium.jpg,cc-by-sa,"(c) Dr. Guido Bohne, some rights reserved (CC BY-SA), uploaded by Dr. Guido Bohne"
12740,Turdus torquatus,species,Ring Ouzel,Aves,3,4580,http://en.wikipedia.org/wiki/Ring_ouzel,https://static.inaturalist.org/photos/66245536/medium.jpeg,,"(c) Carlos N. G. Bocos, all rights reserved, uploaded by Carlos N. G. Bocos"
12735,Turdus viscivorus,species,Mistle Thrush,Aves,3,26942,http://en.wikipedia.org/wiki/Mistle_thrush,https://inaturalist-open-data.s3.amazonaws.com/photos/203268068/medium.jpg,cc-by-nc,"(c) Luca Ghiraldi, some rights reserved (CC BY-NC), uploaded by Luca Ghiraldi"
486356,Viola elegantula,species,,Plantae,3,78,,https://inaturalist-open-data.s3.amazonaws.com/photos/281788716/medium.jpg,cc-by-nc,"(c) cicko, some rights reserved (CC BY-NC)"
7347,Alauda arvensis,species,Eurasian Skylark,Aves,2,37940,http://en.wikipedia.org/wiki/Eurasian_skylark,https://inaturalist-open-data.s3.amazonaws.com/photos/7408707/medium.jpeg,cc-by,"(c) Ani Sarkisyan, some rights reserved (CC BY), uploaded by Ani Sarkisyan"
48715,Amanita muscaria,species,Fly Agaric,Fungi,2,154728,http://en.wikipedia.org/wiki/Amanita_muscaria,https://inaturalist-open-data.s3.amazonaws.com/photos/111494893/medium.jpg,cc-by-nc,"(c) Federico Calledda, some rights reserved (CC BY-NC), uploaded by Federico Calledda"
13713,Anthus spinoletta,species,Water Pipit,Aves,2,12118,http://en.wikipedia.org/wiki/Water_pipit,https://inaturalist-open-data.s3.amazonaws.com/photos/3225661/medium.jpg,cc-by-nc,"(c) Paul Cools, some rights reserved (CC BY-NC), uploaded by Paul Cools"
158472,Arabis alpina,species,Alpine Rock-cress,Plantae,2,4399,http://en.wikipedia.org/wiki/Arabis_alpina,https://inaturalist-open-data.s3.amazonaws.com/photos/358675279/medium.jpeg,cc-by-nc,"(c) Guido Tellini Florenzano, some rights reserved (CC BY-NC), uploaded by Guido Tellini Florenzano"
61427,Botrychium lunaria,species,common moonwort,Plantae,2,5348,http://en.wikipedia.org/wiki/Botrychium_lunaria,https://inaturalist-open-data.s3.amazonaws.com/photos/60642443/medium.jpg,cc-by-nc,"(c) Vladimir Bryukhov, some rights reserved (CC BY-NC), uploaded by Vladimir Bryukhov"
51702,Coccinella septempunctata,species,Seven-spotted Lady Beetle,Insecta,2,301899,http://en.wikipedia.org/wiki/Coccinella_septempunctata,https://inaturalist-open-data.s3.amazonaws.com/photos/267168450/medium.jpg,cc-by-nc,"(c) Thomas Shahan, some rights reserved (CC BY-NC), uploaded by Thomas Shahan"
52589,Coenonympha pamphilus,species,Small Heath,Insecta,2,65959,http://en.wikipedia.org/wiki/Small_heath_(butterfly),https://static.inaturalist.org/photos/189092456/medium.jpeg,,"(c) ruimvs, all rights reserved, uploaded by ruimvs"
26904,Coronella austriaca,species,Smooth Snake,Reptilia,2,12346,http://en.wikipedia.org/wiki/Coronella_austriaca,https://inaturalist-open-data.s3.amazonaws.com/photos/47609662/medium.jpg,cc-by-nc,"(c) Daniel Branch, some rights reserved (CC BY-NC), uploaded by Daniel Branch"
62439,Cyaniris semiargus,species,Mazarine Blue,Insecta,2,13172,http://en.wikipedia.org/wiki/Polyommatus_semiargus,https://inaturalist-open-data.s3.amazonaws.com/photos/9680962/medium.jpeg,cc-by-sa,"(c) purperlibel, some rights reserved (CC BY-SA), uploaded by purperlibel"
436179,Dactylorhiza cordigera,species,,Plantae,2,233,,https://inaturalist-open-data.s3.amazonaws.com/photos/1966811/medium.jpg,cc-by-nc,"(c) Paul Cools, some rights reserved (CC BY-NC), uploaded by Paul Cools"
133034,Daphne mezereum,species,Mezereon,Plantae,2,28320,http://en.wikipedia.org/wiki/Daphne_mezereum,https://inaturalist-open-data.s3.amazonaws.com/photos/76021443/medium.jpeg,cc-by-nc,"(c) Lola Smirnova, some rights reserved (CC BY-NC), uploaded by Lola Smirnova"
333622,Edraianthus graminifolius,species,,Plantae,2,485,,https://inaturalist-open-data.s3.amazonaws.com/photos/77074778/medium.jpeg,cc-by-nc,"(c) Stefano Doglio, some rights reserved (CC BY-NC), uploaded by Stefano Doglio"
131610,Gymnadenia conopsea,species,Fragrant Orchid,Plantae,2,27241,https://en.wikipedia.org/wiki/Gymnadenia_conopsea,https://static.inaturalist.org/photos/29080208/medium.jpg,,"(c) František Bednár, all rights reserved, uploaded by František Bednár"
84278,Helianthemum nummularium,species,Common Rock-rose,Plantae,2,19333,https://en.wikipedia.org/wiki/Helianthemum_nummularium,https://inaturalist-open-data.s3.amazonaws.com/photos/648954510/medium.jpg,cc-by-sa,"(c) Gilles San Martin, some rights reserved (CC BY-SA), uploaded by Gilles San Martin"
526561,Hypericum barbatum,species,,Plantae,2,31,http://en.wikipedia.org/wiki/Hypericum_barbatum,https://inaturalist-open-data.s3.amazonaws.com/photos/12206569/medium.jpeg,cc-by,"(c) Kostas Zontanos, some rights reserved (CC BY), uploaded by Kostas Zontanos"
62766,Issoria lathonia,species,Queen of Spain Fritillary,Insecta,2,35041,http://en.wikipedia.org/wiki/Queen_of_Spain_fritillary,https://inaturalist-open-data.s3.amazonaws.com/photos/1481669/medium.jpg,cc-by-nc-sa,"(c) Marcello Consolo, some rights reserved (CC BY-NC-SA)"
464284,Jasione orbiculata,species,,Plantae,2,52,,https://inaturalist-open-data.s3.amazonaws.com/photos/1790044/medium.JPG,cc-by-nc,"(c) Jakob Fahr, some rights reserved (CC BY-NC), uploaded by Jakob Fahr"
58725,Juniperus communis,species,common juniper,Plantae,2,85420,http://en.wikipedia.org/wiki/Juniperus_communis,https://inaturalist-open-data.s3.amazonaws.com/photos/61660329/medium.jpg,cc-by-nc,"(c) FreckLes, some rights reserved (CC BY-NC), uploaded by FreckLes"
56582,Lasiocampa quercus,species,Oak Eggar,Insecta,2,26808,http://en.wikipedia.org/wiki/Lasiocampa_quercus,https://inaturalist-open-data.s3.amazonaws.com/photos/29068332/medium.jpg,cc-by-nc,"(c) Andrey Ponomarev, some rights reserved (CC BY-NC), uploaded by Andrey Ponomarev"
123629,Lasiommata maera,species,Large Wall Brown,Insecta,2,15747,http://en.wikipedia.org/wiki/Lasiommata_maera,https://static.inaturalist.org/photos/105057715/medium.jpeg,,"(c) Raniero Panfili, all rights reserved, uploaded by Raniero Panfili"
77899,Luzula spicata,species,Spiked Woodrush,Plantae,2,1090,http://en.wikipedia.org/wiki/Luzula_spicata,https://inaturalist-open-data.s3.amazonaws.com/photos/313498140/medium.jpeg,cc-by-nc,"(c) Věra Kafková, some rights reserved (CC BY-NC), uploaded by Věra Kafková"
165098,Malcolmia maritima,species,Virginia Stock,Plantae,2,1108,http://en.wikipedia.org/wiki/Malcolmia_maritima,https://inaturalist-open-data.s3.amazonaws.com/photos/16146662/medium.jpeg,cc-by-nc,"(c) Jakob Fahr, some rights reserved (CC BY-NC), uploaded by Jakob Fahr"
56134,Muscari botryoides,species,common grape hyacinth,Plantae,2,14037,http://en.wikipedia.org/wiki/Muscari_botryoides,https://static.inaturalist.org/photos/361793181/medium.jpg,,"(c) johnbotany, all rights reserved, uploaded by johnbotany"
204552,Nucifraga caryocatactes,species,Northern Nutcracker,Aves,2,9397,http://en.wikipedia.org/wiki/Spotted_nutcracker,https://inaturalist-open-data.s3.amazonaws.com/photos/28580558/medium.jpg,cc-by-sa,"(c) Alpsdake, some rights reserved (CC BY-SA)"
166064,Palustriella commutata,species,Curled Hook-moss,Plantae,2,1859,http://en.wikipedia.org/wiki/Palustriella_commutata,https://inaturalist-open-data.s3.amazonaws.com/photos/411039700/medium.jpeg,cc-by,"(c) hadynrmurray, some rights reserved (CC BY)"
166247,Pedicularis oederi,species,Oeder's Lousewort,Plantae,2,1493,https://en.wikipedia.org/wiki/Pedicularis_oederi,https://inaturalist-open-data.s3.amazonaws.com/photos/92971969/medium.jpg,cc-by-nc,"(c) Богданович Светлана, some rights reserved (CC BY-NC), uploaded by Богданович Светлана"
144823,Periparus ater,species,Coal Tit,Aves,2,46138,http://en.wikipedia.org/wiki/Coal_tit,https://inaturalist-open-data.s3.amazonaws.com/photos/436734934/medium.jpg,cc-by,"(c) Luiz Lapa, some rights reserved (CC BY)"
133809,Philonotis fontana,species,Fountain Apple-moss,Plantae,2,3634,,https://static.inaturalist.org/photos/168965492/medium.jpeg,,"(c) Linda Larsen, all rights reserved, uploaded by Linda Larsen"
56225,Polygonia c-album,species,European Comma,Insecta,2,82281,http://en.wikipedia.org/wiki/Polygonia_c-album,https://inaturalist-open-data.s3.amazonaws.com/photos/155133827/medium.jpeg,cc-by-nc-sa,"(c) Ramunė Vakarė, some rights reserved (CC BY-NC-SA), uploaded by Ramunė Vakarė"
55641,Polyommatus icarus,species,Common Blue,Insecta,2,129263,http://en.wikipedia.org/wiki/Common_blue,https://inaturalist-open-data.s3.amazonaws.com/photos/393850131/medium.jpg,cc-by-nc,"(c) Manuel Raab, some rights reserved (CC BY-NC), uploaded by Manuel Raab"
78697,Polystichum lonchitis,species,northern holly fern,Plantae,2,8338,http://en.wikipedia.org/wiki/Polystichum_lonchitis,https://inaturalist-open-data.s3.amazonaws.com/photos/78449242/medium.jpg,cc-by-nc,"(c) stemyh, some rights reserved (CC BY-NC)"
25591,Rana temporaria,species,European Common Frog,Amphibia,2,91080,http://en.wikipedia.org/wiki/Common_frog,https://inaturalist-open-data.s3.amazonaws.com/photos/171173/medium.jpg,cc-by-sa,"(c) Jörg Hempel, some rights reserved (CC BY-SA)"
144153,Saxifraga adscendens,species,Ascending Saxifrage,Plantae,2,332,,https://inaturalist-open-data.s3.amazonaws.com/photos/172728579/medium.jpeg,cc-by-nc,"(c) cnowotny, some rights reserved (CC BY-NC)"
144152,Saxifraga aizoides,species,Yellow Saxifrage,Plantae,2,9780,https://en.wikipedia.org/wiki/Saxifraga_aizoides,https://inaturalist-open-data.s3.amazonaws.com/photos/163887/medium.jpg,cc-by-sa,"(c) Udo Schmidt, some rights reserved (CC BY-SA)"
509876,Saxifraga scardica,species,,Plantae,2,67,,https://static.inaturalist.org/photos/110960064/medium.jpeg,,"(c) Marko Doboš, all rights reserved, uploaded by Marko Doboš"
56934,Scilla bifolia,species,Alpine Squill,Plantae,2,11241,http://en.wikipedia.org/wiki/Scilla_bifolia,https://inaturalist-open-data.s3.amazonaws.com/photos/320846338/medium.jpg,cc-by-nc,"(c) perrot71, some rights reserved (CC BY-NC)"
79025,Sedum album,species,white stonecrop,Plantae,2,35605,http://en.wikipedia.org/wiki/Sedum_album,https://inaturalist-open-data.s3.amazonaws.com/photos/43927616/medium.jpg,cc-by-nc,"(c) drslimemold, some rights reserved (CC BY-NC)"
503308,Sedum annuum,species,Annual stonecrop,Plantae,2,1019,,https://inaturalist-open-data.s3.amazonaws.com/photos/6755627/medium.jpg,cc-by-nc,"(c) anonymous, some rights reserved (CC BY-NC)"
208966,Sedum dasyphyllum,species,thick-leaved stonecrop,Plantae,2,9575,http://en.wikipedia.org/wiki/Sedum_dasyphyllum,https://static.inaturalist.org/photos/372995650/medium.jpeg,,"(c) Nicolas Alric, all rights reserved, uploaded by Nicolas Alric"
511518,Sedum grisebachii,species,,Plantae,2,15,,https://static.inaturalist.org/photos/145222566/medium.jpeg,,"(c) Marko Doboš, all rights reserved, uploaded by Marko Doboš"
71212,Testudo hermanni,species,Hermann's Tortoise,Reptilia,2,11475,http://en.wikipedia.org/wiki/Hermann's_tortoise,https://static.inaturalist.org/photos/345032230/medium.jpg,,"(c) petermclight, all rights reserved"
55745,Trifolium repens,species,white clover,Plantae,2,254561,http://en.wikipedia.org/wiki/Trifolium_repens,https://static.inaturalist.org/photos/200623887/medium.jpeg,,"(c) David A. Steen, all rights reserved, uploaded by David A. Steen"
127029,Vaccinium myrtillus,species,common bilberry,Plantae,2,59778,http://en.wikipedia.org/wiki/Vaccinium_myrtillus,https://inaturalist-open-data.s3.amazonaws.com/photos/191246192/medium.jpeg,cc-by-nc,"(c) Дмитрий Власов, some rights reserved (CC BY-NC), uploaded by Дмитрий Власов"
49133,Vanessa atalanta,species,Red Admiral,Insecta,2,282718,http://en.wikipedia.org/wiki/Vanessa_atalanta,https://inaturalist-open-data.s3.amazonaws.com/photos/53928483/medium.jpg,cc-by-sa,"(c) Gilles San Martin, some rights reserved (CC BY-SA), uploaded by Gilles San Martin"
470430,Veratrum lobelianum,species,White Hellebore,Plantae,2,9712,https://en.wikipedia.org/wiki/Veratrum_lobelianum,https://inaturalist-open-data.s3.amazonaws.com/photos/23528161/medium.jpg,cc-by-nc,"(c) Werner Witte, some rights reserved (CC BY-NC)"
354400,Viola calcarata,species,Long-spurred Violet,Plantae,2,2871,https://en.wikipedia.org/wiki/Viola_calcarata,https://inaturalist-open-data.s3.amazonaws.com/photos/2111083/medium.jpg,cc-by-nc-sa,"(c) Andrea Schieber, some rights reserved (CC BY-NC-SA)"
30901,Vipera ursinii,species,Meadow Viper,Reptilia,2,677,http://en.wikipedia.org/wiki/Vipera_ursinii,https://static.inaturalist.org/photos/46498078/medium.jpg,,"(c) Clo, all rights reserved, uploaded by Clo"
741459,Viscaria vulgaris,species,Sticky Catchfly,Plantae,2,18652,http://en.wikipedia.org/wiki/Silene_viscaria,https://inaturalist-open-data.s3.amazonaws.com/photos/78106404/medium.jpg,cc-by-nc,"(c) Sergey Mayorov, some rights reserved (CC BY-NC), uploaded by Sergey Mayorov"
42069,Vulpes vulpes,species,Red Fox,Mammalia,2,153000,http://en.wikipedia.org/wiki/Red_fox,https://static.inaturalist.org/photos/265916780/medium.jpg,,"(c) Pierre Noel, all rights reserved, uploaded by Pierre Noel"
35453,Zootoca vivipara,species,Viviparous Lizard,Reptilia,2,36282,http://en.wikipedia.org/wiki/Viviparous_lizard,https://static.inaturalist.org/photos/6227870/medium.jpg,,"(c) Thor Håkonsen, all rights reserved, uploaded by Thor Håkonsen"
62083,Zygaena filipendulae,species,Six-spot Burnet,Insecta,2,32666,http://en.wikipedia.org/wiki/Six-spot_burnet,https://inaturalist-open-data.s3.amazonaws.com/photos/91680356/medium.jpg,cc-by-nc,"(c) Michel Renou, some rights reserved (CC BY-NC), uploaded by Michel Renou"
136319,Abies alba,species,silver fir,Plantae,1,12614,http://en.wikipedia.org/wiki/Abies_alba,https://inaturalist-open-data.s3.amazonaws.com/photos/10907663/medium.jpeg,cc-by-sa,"(c) böhringer friedrich, some rights reserved (CC BY-SA)"
52821,Achillea millefolium,species,common yarrow,Plantae,1,332226,http://en.wikipedia.org/wiki/Achillea_millefolium,https://inaturalist-open-data.s3.amazonaws.com/photos/4902/medium.jpg,cc-by-nc-nd,"(c) Steve Guttman, some rights reserved (CC BY-NC-ND)"
204231,Achillea tomentosa,species,Yellow Milfoil,Plantae,1,495,https://en.wikipedia.org/wiki/Achillea_tomentosa,https://inaturalist-open-data.s3.amazonaws.com/photos/376727556/medium.jpeg,cc-by-nc,"(c) Rodolfo Marliani, some rights reserved (CC BY-NC), uploaded by Rodolfo Marliani"
131201,Aconitum napellus,species,Monk's-hood,Plantae,1,8557,http://en.wikipedia.org/wiki/Aconitum_napellus,https://inaturalist-open-data.s3.amazonaws.com/photos/416861673/medium.jpeg,cc-by,"(c) Thomas Ebner, some rights reserved (CC BY), uploaded by Thomas Ebner"
204565,Adelges abietis,species,Pineapple-gall Adelgid,Insecta,1,3771,http://en.wikipedia.org/wiki/Pineapple_gall_adelgid,https://inaturalist-open-data.s3.amazonaws.com/photos/245653/medium.JPG,cc-by-nc,"(c) joannerusso, some rights reserved (CC BY-NC), uploaded by joannerusso"
55790,Adoxa moschatellina,species,Moschatel,Plantae,1,9171,http://en.wikipedia.org/wiki/Adoxa_moschatellina,https://static.inaturalist.org/photos/167248408/medium.jpg,,"(c) Nicoară Roxana, all rights reserved, uploaded by Nicoară Roxana"
333243,Adscita statices,species,Green Forester Moth,Insecta,1,7995,http://en.wikipedia.org/wiki/Adscita_statices,https://inaturalist-open-data.s3.amazonaws.com/photos/1014650/medium.jpg,cc-by-sa,"(c) Darius Baužys, some rights reserved (CC BY-SA)"
7278,Aegithalos caudatus,species,Long-tailed Tit,Aves,1,80207,http://en.wikipedia.org/wiki/Long-tailed_tit,https://inaturalist-open-data.s3.amazonaws.com/photos/115550098/medium.jpg,cc-by-nc,"(c) Luca Boscain, some rights reserved (CC BY-NC), uploaded by Luca Boscain"
486501,Agapanthia kirbyi,species,,Insecta,1,269,http://en.wikipedia.org/wiki/Agapanthia_kirbyi,https://inaturalist-open-data.s3.amazonaws.com/photos/59625416/medium.jpg,cc-by-nc,"(c) chris9900, some rights reserved (CC BY-NC)"
133012,Ajuga pyramidalis,species,Pyramidal Bugle,Plantae,1,5230,https://en.wikipedia.org/wiki/Ajuga_pyramidalis,https://inaturalist-open-data.s3.amazonaws.com/photos/74507693/medium.jpeg,cc-by,"(c) Roar Nybø, some rights reserved (CC BY), uploaded by Roar Nybø"
62205,Alcea rosea,species,Hollyhock,Plantae,1,30371,http://en.wikipedia.org/wiki/Alcea_rosea,https://static.inaturalist.org/photos/161030578/medium.jpg,,"(c) Konstantinos Kalaentzis, all rights reserved, uploaded by Konstantinos Kalaentzis"
48716,Aleuria aurantia,species,orange peel fungus,Fungi,1,14536,http://en.wikipedia.org/wiki/Aleuria_aurantia,https://inaturalist-open-data.s3.amazonaws.com/photos/73851/medium.JPG,cc-by-nc-nd,"(c) sea-kangaroo, some rights reserved (CC BY-NC-ND), uploaded by sea-kangaroo"
244034,Allium carinatum,species,Keeled Garlic,Plantae,1,2094,http://en.wikipedia.org/wiki/Allium_carinatum,https://static.inaturalist.org/photos/411327464/medium.jpg,,"(c) Peter Bilovitz, all rights reserved, uploaded by Peter Bilovitz"
75430,Anchusa officinalis,species,common alkanet,Plantae,1,19930,http://en.wikipedia.org/wiki/Anchusa_officinalis,https://inaturalist-open-data.s3.amazonaws.com/photos/80878006/medium.jpg,cc-by-nc,"(c) Lina Paškevičiūtė, some rights reserved (CC BY-NC), uploaded by Lina Paškevičiūtė"
950603,Anemonoides nemorosa,species,wood anemone,Plantae,1,88512,https://en.wikipedia.org/wiki/Anemone_nemorosa,https://inaturalist-open-data.s3.amazonaws.com/photos/732011/medium.jpg,cc-by-nc-sa,"(c) Anne SORBES, some rights reserved (CC BY-NC-SA), uploaded by Anne SORBES"
13729,Anthus pratensis,species,Meadow Pipit,Aves,1,34773,http://en.wikipedia.org/wiki/Meadow_pipit,https://inaturalist-open-data.s3.amazonaws.com/photos/187679983/medium.jpg,cc-by-nc,"(c) Valia Pavlou, some rights reserved (CC BY-NC), uploaded by Valia Pavlou"
209629,Anthyllis montana,species,Mountain Kidney-vetch,Plantae,1,1835,http://en.wikipedia.org/wiki/Anthyllis_montana,https://inaturalist-open-data.s3.amazonaws.com/photos/136370254/medium.jpg,cc-by-nc,"(c) mmcm, some rights reserved (CC BY-NC)"
483340,Aplocera praeformata,species,Purple Treble-bar,Insecta,1,1565,http://en.wikipedia.org/wiki/Aplocera_praeformata,https://inaturalist-open-data.s3.amazonaws.com/photos/46093575/medium.jpg,cc-by-nc,"(c) Paolo Mazzei, some rights reserved (CC BY-NC), uploaded by Paolo Mazzei"
334303,Arabis collina,species,Rosy Cress,Plantae,1,218,,https://inaturalist-open-data.s3.amazonaws.com/photos/1150165/medium.jpg,cc-by-nc-sa,"(c) Amadej Trnkoczy, some rights reserved (CC BY-NC-SA)"
121782,Araneus quadratus,species,Four-spot Orbweaver,Arachnida,1,10821,http://en.wikipedia.org/wiki/Araneus_quadratus,https://inaturalist-open-data.s3.amazonaws.com/photos/10503092/medium.jpeg,cc-by-nc,"(c) Jakob Fahr, some rights reserved (CC BY-NC), uploaded by Jakob Fahr"
192381,Armillaria ostoyae,species,Honey Mushroom,Fungi,1,11887,http://en.wikipedia.org/wiki/Armillaria_ostoyae,https://inaturalist-open-data.s3.amazonaws.com/photos/4694601/medium.jpg,cc-by-nc,"(c) Marco Floriani, some rights reserved (CC BY-NC), uploaded by Marco Floriani"
75611,Asplenium viride,species,green spleenwort,Plantae,1,6222,https://en.wikipedia.org/wiki/Asplenium_viride,https://inaturalist-open-data.s3.amazonaws.com/photos/21288890/medium.jpeg,cc-by-nc,"(c) wallyjenkins, some rights reserved (CC BY-NC), uploaded by wallyjenkins"
334738,Astragalus vesicarius,species,Inflated Milk-vetch,Plantae,1,532,,https://inaturalist-open-data.s3.amazonaws.com/photos/67624959/medium.jpg,cc-by,"(c) Roman, some rights reserved (CC BY), uploaded by Roman"
130545,Bistorta vivipara,species,alpine bistort,Plantae,1,13641,http://en.wikipedia.org/wiki/Persicaria_vivipara,https://inaturalist-open-data.s3.amazonaws.com/photos/311092329/medium.jpeg,cc-by-nc,"(c) trowbric, some rights reserved (CC BY-NC), uploaded by trowbric"
507134,Blitum bonus-henricus,species,Good King Henry,Plantae,1,3109,https://en.wikipedia.org/wiki/Blitum_bonus-henricus,https://inaturalist-open-data.s3.amazonaws.com/photos/403566303/medium.jpeg,cc-by-nc,"(c) piedmontgrowing, some rights reserved (CC BY-NC), uploaded by piedmontgrowing"
48701,Boletus edulis,species,King Bolete,Fungi,1,33632,http://en.wikipedia.org/wiki/Boletus_edulis,https://inaturalist-open-data.s3.amazonaws.com/photos/328303120/medium.jpg,cc-by-nc,"(c) wp-polzin, some rights reserved (CC BY-NC)"
556621,Bombina variegata,species,Yellow-bellied Toad,Amphibia,1,13519,http://en.wikipedia.org/wiki/Yellow-bellied_toad,https://static.inaturalist.org/photos/632139986/medium.jpg,,"(c) Daniel Phillips, all rights reserved, uploaded by Daniel Phillips"
204472,Buteo buteo,species,Common Buzzard,Aves,1,161702,http://en.wikipedia.org/wiki/Common_buzzard,https://inaturalist-open-data.s3.amazonaws.com/photos/192398523/medium.jpeg,cc-by-nc,"(c) rociomar, some rights reserved (CC BY-NC)"
56224,Caltha palustris,species,marsh marigold,Plantae,1,94434,https://en.wikipedia.org/wiki/Caltha_palustris,https://inaturalist-open-data.s3.amazonaws.com/photos/324010734/medium.jpeg,cc-by-nc,"(c) eeyipes, some rights reserved (CC BY-NC)"
366188,Calyptra thalictri,species,Vampire Moth,Insecta,1,381,http://en.wikipedia.org/wiki/Calyptra_thalictri,https://inaturalist-open-data.s3.amazonaws.com/photos/251145255/medium.jpg,cc-by-nc,"(c) cossus, some rights reserved (CC BY-NC)"
803953,Campanula orbelica,species,,Plantae,1,41,,https://inaturalist-open-data.s3.amazonaws.com/photos/2709194/medium.jpg,cc-by-nc,"(c) alderash, some rights reserved (CC BY-NC), uploaded by alderash"
159763,Campanula patula,species,Spreading Bellflower,Plantae,1,30662,https://en.wikipedia.org/wiki/Campanula_patula,https://inaturalist-open-data.s3.amazonaws.com/photos/13275284/medium.jpg,cc-by-nc-sa,"(c) Juha Haataja, some rights reserved (CC BY-NC-SA)"
1335424,Campanula pichleri,species,,Plantae,1,45,,https://inaturalist-open-data.s3.amazonaws.com/photos/44737841/medium.jpeg,cc-by-nc,"(c) Jakob Fahr, some rights reserved (CC BY-NC), uploaded by Jakob Fahr"
338086,Camponotus ligniperda,species,Brown-black Carpenter Ant,Insecta,1,6286,https://en.wikipedia.org/wiki/Camponotus_ligniperda,https://inaturalist-open-data.s3.amazonaws.com/photos/123006730/medium.jpg,cc-by-nc,"(c) Quentin Gaillard, some rights reserved (CC BY-NC), uploaded by Quentin Gaillard"
159776,Campylium stellatum,species,Yellow Starry Fen Moss,Plantae,1,801,https://en.wikipedia.org/wiki/Campylium_stellatum,https://inaturalist-open-data.s3.amazonaws.com/photos/430372332/medium.jpeg,cc-by-nc,"(c) A Emmerson, some rights reserved (CC BY-NC), uploaded by A Emmerson"
742835,Carabus croaticus,species,,Insecta,1,29,,https://inaturalist-open-data.s3.amazonaws.com/photos/331222423/medium.jpg,cc-by-nc,"(c) Zdeněk Hanč, some rights reserved (CC BY-NC), uploaded by Zdeněk Hanč"
96735,Carabus intricatus,species,Blue Ground Beetle,Insecta,1,5712,https://en.wikipedia.org/wiki/Carabus_intricatus,https://static.inaturalist.org/photos/285184975/medium.jpg,,"(c) Olivier Clerc, all rights reserved, uploaded by Olivier Clerc"
515433,Cardamine glauca,species,,Plantae,1,41,,https://inaturalist-open-data.s3.amazonaws.com/photos/34964129/medium.jpeg,cc-by-nc,"(c) Luciano Arcorace, some rights reserved (CC BY-NC), uploaded by Luciano Arcorace"
129287,Carex ferruginea,species,Rust-coloured Sedge,Plantae,1,182,https://en.wikipedia.org/wiki/Carex_ferruginea,https://inaturalist-open-data.s3.amazonaws.com/photos/82631618/medium.jpeg,cc-by,"(c) Étienne Léveillé-Bourret, some rights reserved (CC BY), uploaded by Étienne Léveillé-Bourret"
56236,Centaurium erythraea,species,Common centaury,Plantae,1,29419,http://en.wikipedia.org/wiki/Centaurium_erythraea,https://inaturalist-open-data.s3.amazonaws.com/photos/606419153/medium.jpg,cc-by-nc-sa,"(c) Hans Hillewaert, some rights reserved (CC BY-NC-SA), uploaded by Hans Hillewaert"
144185,Cerastium alpinum,species,Alpine Mouse-ear,Plantae,1,3239,http://en.wikipedia.org/wiki/Cerastium_alpinum,https://inaturalist-open-data.s3.amazonaws.com/photos/1148569/medium.jpg,cc-by-nc,"(c) Kari Pihlaviita, some rights reserved (CC BY-NC)"
777116,Chamaesphecia empiformis,species,cypress spurge clearwing,Insecta,1,549,https://en.wikipedia.org/wiki/Chamaesphecia_empiformis,https://inaturalist-open-data.s3.amazonaws.com/photos/200991145/medium.jpg,cc-by-nc,"(c) Giuseppe Molinari, some rights reserved (CC BY-NC), uploaded by Giuseppe Molinari"
717938,Chrysolina limbata,species,,Insecta,1,270,,https://static.inaturalist.org/photos/148825826/medium.jpg,,"(c) fauna_mirifica, all rights reserved, uploaded by fauna_mirifica"
130143,Cicindela campestris,species,Green Tiger Beetle,Insecta,1,18098,http://en.wikipedia.org/wiki/Cicindela_campestris,https://inaturalist-open-data.s3.amazonaws.com/photos/33233620/medium.jpg,cc-by-nc-nd,"(c) Glenn Costello, some rights reserved (CC BY-NC-ND), uploaded by Glenn Costello"
160697,Clematis vitalba,species,Old man's beard,Plantae,1,49849,http://en.wikipedia.org/wiki/Clematis_vitalba,https://inaturalist-open-data.s3.amazonaws.com/photos/218591388/medium.jpeg,cc-by,"(c) Alexis Tinker-Tsavalas, some rights reserved (CC BY), uploaded by Alexis Tinker-Tsavalas"
1525548,Collybia nuda,species,Blewit,Fungi,1,30510,https://en.wikipedia.org/wiki/Collybia_nuda,https://inaturalist-open-data.s3.amazonaws.com/photos/57891023/medium.jpeg,cc-by,"(c) Alan Rockefeller, some rights reserved (CC BY), uploaded by Alan Rockefeller"
284831,Combretum indicum,species,Rangoon Creeper,Plantae,1,9770,https://en.wikipedia.org/wiki/Combretum_indicum,https://inaturalist-open-data.s3.amazonaws.com/photos/912077/medium.JPG,cc-by-nc-nd,"(c) Sunnetchan, some rights reserved (CC BY-NC-ND), uploaded by Sunnetchan"
56318,Coprinellus micaceus,species,mica cap,Fungi,1,56486,http://en.wikipedia.org/wiki/Coprinellus_micaceus,https://static.inaturalist.org/photos/200982305/medium.jpg,,"(c) Autumn, all rights reserved, uploaded by Autumn"
144757,Corvus cornix,species,Hooded Crow,Aves,1,142081,http://en.wikipedia.org/wiki/Hooded_crow,https://inaturalist-open-data.s3.amazonaws.com/photos/114176979/medium.jpg,cc-by-sa,"(c) hedera.baltica, some rights reserved (CC BY-SA)"
1289484,Curruca curruca,species,Lesser Whitethroat,Aves,1,17827,https://en.wikipedia.org/wiki/Lesser_whitethroat,https://inaturalist-open-data.s3.amazonaws.com/photos/198608809/medium.jpg,cc-by-nc,"(c) Евгений Гурьевских, some rights reserved (CC BY-NC), uploaded by Евгений Гурьевских"
144849,Cyanistes caeruleus,species,Eurasian Blue Tit,Aves,1,163566,http://en.wikipedia.org/wiki/Eurasian_blue_tit,https://inaturalist-open-data.s3.amazonaws.com/photos/41677354/medium.jpeg,cc-by-nc,"(c) rorygardner79, some rights reserved (CC BY-NC)"
337956,Cystoderma amianthinum,species,Earthy Powdercap,Fungi,1,4947,http://en.wikipedia.org/wiki/Cystoderma_amianthinum,https://inaturalist-open-data.s3.amazonaws.com/photos/13067326/medium.jpeg,cc-by-sa,"(c) mycowalt, some rights reserved (CC BY-SA), uploaded by mycowalt"
58755,Cystopteris fragilis,species,brittle bladderfern,Plantae,1,23154,http://en.wikipedia.org/wiki/Cystopteris_fragilis,https://inaturalist-open-data.s3.amazonaws.com/photos/76902942/medium.jpg,cc-by-nc,"(c) Muriel Bendel, some rights reserved (CC BY-NC), uploaded by Muriel Bendel"
64705,Delichon urbicum,species,Western House Martin,Aves,1,37160,http://en.wikipedia.org/wiki/Common_house_martin,https://inaturalist-open-data.s3.amazonaws.com/photos/370662370/medium.jpg,cc-by-nc-nd,"(c) Thomas Landgren, some rights reserved (CC BY-NC-ND)"
327167,Dicranocephalus agilis,species,Portland Spurgebug,Insecta,1,1786,,https://static.inaturalist.org/photos/45009019/medium.jpg,,"(c) Konstantinos Kalaentzis, all rights reserved, uploaded by Konstantinos Kalaentzis"
1092831,Dorcadion ljubetense,species,,Insecta,1,20,https://en.wikipedia.org/wiki/Dorcadion_ljubetense,https://inaturalist-open-data.s3.amazonaws.com/photos/376717558/medium.jpeg,cc-by-nc,"(c) Martin Rejzek, some rights reserved (CC BY-NC), uploaded by Martin Rejzek"
334189,Doronicum columnae,species,Eastern Leopard's-bane,Plantae,1,1069,,https://inaturalist-open-data.s3.amazonaws.com/photos/119466594/medium.jpeg,cc-by-nc,"(c) Thomas Wrbka, some rights reserved (CC BY-NC), uploaded by Thomas Wrbka"
515685,Draba korabensis,species,,Plantae,1,2,,https://static.inaturalist.org/photos/111597398/medium.jpeg,,"(c) Marko Doboš, all rights reserved, uploaded by Marko Doboš"
515661,Draba lasiocarpa,species,Woolly-fruited Whitlow-grass,Plantae,1,203,,https://inaturalist-open-data.s3.amazonaws.com/photos/34637322/medium.jpeg,cc-by-nc,"(c) sanca13, some rights reserved (CC BY-NC)"
162087,Drepanocladus sendtneri,species,,Plantae,1,10,,https://inaturalist-open-data.s3.amazonaws.com/photos/288118603/medium.jpg,cc-by-nc,"(c) michael-lueth, some rights reserved (CC BY-NC)"
461295,Encalypta streptocarpa,species,Spiral Extinguisher-moss,Plantae,1,2537,https://en.wikipedia.org/wiki/Encalypta_streptocarpa,https://inaturalist-open-data.s3.amazonaws.com/photos/181810759/medium.jpeg,cc-by-nc,"(c) Stefan Gey, some rights reserved (CC BY-NC), uploaded by Stefan Gey"
100282,Erebia epiphron,species,Mountain Ringlet,Insecta,1,1317,http://en.wikipedia.org/wiki/Small_mountain_ringlet,https://static.inaturalist.org/photos/152004578/medium.jpg,,"(c) Wayne Tucker, all rights reserved, uploaded by Wayne Tucker"
333774,Erebia medusa,species,Woodland Ringlet,Insecta,1,4577,http://en.wikipedia.org/wiki/Erebia_medusa,https://static.inaturalist.org/photos/87854508/medium.jpg,,"(c) Michele De Rocco, all rights reserved, uploaded by Michele De Rocco"
484100,Erebia ottomana,species,Ottoman Brassy Ringlet,Insecta,1,188,https://en.wikipedia.org/wiki/Erebia_ottomana,https://inaturalist-open-data.s3.amazonaws.com/photos/10429972/medium.jpeg,cc-by-nc,"(c) Chris van Swaay, some rights reserved (CC BY-NC), uploaded by Chris van Swaay"
202770,Eresus kollari,species,Ladybird Spider,Arachnida,1,1973,http://en.wikipedia.org/wiki/Eresus_kollari,https://inaturalist-open-data.s3.amazonaws.com/photos/257420/medium.jpg,cc-by-sa,"(c) Fritz Geller-Grimm, some rights reserved (CC BY-SA)"
162820,Euphorbia epithymoides,species,Cushion Spurge,Plantae,1,3432,http://en.wikipedia.org/wiki/Euphorbia_epithymoides,https://inaturalist-open-data.s3.amazonaws.com/photos/67308613/medium.jpg,cc-by-nc,"(c) Michal Ducháček, some rights reserved (CC BY-NC), uploaded by Michal Ducháček"
401781,Euphorbia stricta,species,Upright Spurge,Plantae,1,1981,,https://inaturalist-open-data.s3.amazonaws.com/photos/205375356/medium.jpeg,cc-by-nc,"(c) Zoom, some rights reserved (CC BY-NC), uploaded by Zoom"
54227,Fagus sylvatica,species,European beech,Plantae,1,85960,http://en.wikipedia.org/wiki/Fagus_sylvatica,https://static.inaturalist.org/photos/199420434/medium.jpg,,"(c) Ross Carlin, all rights reserved, uploaded by Ross Carlin"
472766,Falco tinnunculus,species,Eurasian Kestrel,Aves,1,138899,http://en.wikipedia.org/wiki/Common_kestrel,https://inaturalist-open-data.s3.amazonaws.com/photos/598044895/medium.jpg,cc-by-nc,"(c) Manuel Raab, some rights reserved (CC BY-NC), uploaded by Manuel Raab"
1098280,Fomitopsis pinicola,species,Red-banded Polypore,Fungi,1,42745,https://en.wikipedia.org/wiki/Fomitopsis_pinicola,https://inaturalist-open-data.s3.amazonaws.com/photos/4274437/medium.jpg,cc-by-nc,"(c) Kari Pihlaviita, some rights reserved (CC BY-NC), uploaded by Kari Pihlaviita"
50298,Fragaria vesca,species,woodland strawberry,Plantae,1,105290,http://en.wikipedia.org/wiki/Fragaria_vesca,https://inaturalist-open-data.s3.amazonaws.com/photos/134106423/medium.jpg,cc-by-nc,"(c) Алексей Афонин, some rights reserved (CC BY-NC), uploaded by Алексей Афонин"
10070,Fringilla coelebs,species,Common Chaffinch,Aves,1,205209,http://en.wikipedia.org/wiki/Common_chaffinch,https://inaturalist-open-data.s3.amazonaws.com/photos/151143058/medium.jpg,cc-by-nc,"(c) Jonny Andrews, some rights reserved (CC BY-NC), uploaded by Jonny Andrews"
55483,Fuligo septica,species,Dog Vomit Slime Mold,Protozoa,1,86826,http://en.wikipedia.org/wiki/Fuligo_septica,https://inaturalist-open-data.s3.amazonaws.com/photos/13604/medium.jpg,cc-by-nc-nd,"(c) Sergey Yeliseev, some rights reserved (CC BY-NC-ND)"
204322,Gagea fragifera,species,yellow star-of-Bethlehem,Plantae,1,1118,http://en.wikipedia.org/wiki/Gagea_liotardii,https://inaturalist-open-data.s3.amazonaws.com/photos/385133264/medium.jpeg,cc-by-nc,"(c) mikkotiusanen, some rights reserved (CC BY-NC)"
154735,Galerina marginata,species,Funeral Bell,Fungi,1,25037,http://en.wikipedia.org/wiki/Galerina_marginata,https://static.inaturalist.org/photos/188934/medium.jpg,,"(c) Fluff Berger, all rights reserved"
472368,Galium anisophyllon,species,Alpine bedstraw,Plantae,1,2209,http://en.wikipedia.org/wiki/Galium_anisophyllon,https://inaturalist-open-data.s3.amazonaws.com/photos/2282882/medium.jpg,cc-by-sa,"(c) Udo Schmidt, some rights reserved (CC BY-SA)"
245736,Gentianella campestris,species,field gentian,Plantae,1,4313,http://en.wikipedia.org/wiki/Gentianella_campestris,https://inaturalist-open-data.s3.amazonaws.com/photos/444575855/medium.jpeg,cc-by,"(c) Wolfgang Jauch, some rights reserved (CC BY), uploaded by Wolfgang Jauch"
486925,Geranium aristatum,species,,Plantae,1,17,https://en.wikipedia.org/wiki/Geranium_aristatum,https://inaturalist-open-data.s3.amazonaws.com/photos/300222244/medium.jpeg,cc-by-nc,"(c) Jakob Fahr, some rights reserved (CC BY-NC), uploaded by Jakob Fahr"
77259,Geranium pyrenaicum,species,Hedgerow Crane's-bill,Plantae,1,24886,https://en.wikipedia.org/wiki/Geranium_pyrenaicum,https://inaturalist-open-data.s3.amazonaws.com/photos/386399097/medium.jpg,cc-by-nc,"(c) biomel, some rights reserved (CC BY-NC)"
85429,Geranium sylvaticum,species,wood crane's-bill,Plantae,1,32541,https://en.wikipedia.org/wiki/Geranium_sylvaticum,https://static.inaturalist.org/photos/62573011/medium.jpg,,"(c) Leonard Worthington, all rights reserved, uploaded by Leonard Worthington"
510020,Grimmia alpestris,species,,Plantae,1,50,,https://inaturalist-open-data.s3.amazonaws.com/photos/95216266/medium.jpeg,cc-by-nc,"(c) martina_poeltl, some rights reserved (CC BY-NC), uploaded by martina_poeltl"
123506,Grimmia laevigata,species,Grimmia Dry Rock Moss,Plantae,1,9207,,https://inaturalist-open-data.s3.amazonaws.com/photos/402410421/medium.jpg,cc-by-nc,"(c) Warren Tomlinson, some rights reserved (CC BY-NC), uploaded by Warren Tomlinson"
461415,Grimmia tergestina,species,,Plantae,1,51,,https://inaturalist-open-data.s3.amazonaws.com/photos/76720815/medium.jpg,cc-by-nc,"(c) Stefan Gey, some rights reserved (CC BY-NC), uploaded by Stefan Gey"
71248,Gryllus campestris,species,European Field Cricket,Insecta,1,19949,http://en.wikipedia.org/wiki/Gryllus_campestris,https://inaturalist-open-data.s3.amazonaws.com/photos/157317382/medium.jpg,cc-by-nc,"(c) Ryszard, some rights reserved (CC BY-NC)"
63538,Hygrophoropsis aurantiaca,species,False Chanterelle,Fungi,1,22987,http://en.wikipedia.org/wiki/Hygrophoropsis_aurantiaca,https://inaturalist-open-data.s3.amazonaws.com/photos/237942491/medium.jpeg,cc-by-nc,"(c) Matthieu Morin, some rights reserved (CC BY-NC), uploaded by Matthieu Morin"
70071,Hyles euphorbiae,species,Leafy Spurge Hawkmoth,Insecta,1,14741,http://en.wikipedia.org/wiki/Hyles_euphorbiae,https://inaturalist-open-data.s3.amazonaws.com/photos/53711652/medium.jpg,cc-by-nc,"(c) Luca Boscain, some rights reserved (CC BY-NC), uploaded by Luca Boscain"
56077,Hypericum perforatum,species,Common St. John's Wort,Plantae,1,132834,http://en.wikipedia.org/wiki/Hypericum_perforatum,https://inaturalist-open-data.s3.amazonaws.com/photos/283622526/medium.jpg,cc-by-nc,"(c) akolter, some rights reserved (CC BY-NC)"
155197,Lactarius deliciosus,species,saffron milkcap,Fungi,1,12640,http://en.wikipedia.org/wiki/Lactarius_deliciosus,https://inaturalist-open-data.s3.amazonaws.com/photos/235753421/medium.jpeg,cc-by-nc,"(c) timendez, some rights reserved (CC BY-NC), uploaded by timendez"
351304,Lactarius salmonicolor,species,Salmon milkcap,Fungi,1,1265,https://en.wikipedia.org/wiki/Lactarius_salmonicolor,https://inaturalist-open-data.s3.amazonaws.com/photos/109848229/medium.jpg,cc-by-nc,"(c) Federico Calledda, some rights reserved (CC BY-NC), uploaded by Federico Calledda"
468881,Leucania comma,species,Shoulder-striped Wainscot,Insecta,1,1805,http://en.wikipedia.org/wiki/Shoulder-striped_wainscot,https://static.inaturalist.org/photos/8446295/medium.jpg,,"(c) Tig, all rights reserved, uploaded by Tig"
567068,Leucocortinarius bulbiger,species,white webcap,Fungi,1,478,https://en.wikipedia.org/wiki/Leucocortinarius,https://inaturalist-open-data.s3.amazonaws.com/photos/175407232/medium.jpg,cc-by-nc,"(c) Nicolò Oppicelli, some rights reserved (CC BY-NC), uploaded by Nicolò Oppicelli"
563098,Libellula depressa,species,Broad-bodied Chaser,Insecta,1,25326,http://en.wikipedia.org/wiki/Libellula_depressa,https://inaturalist-open-data.s3.amazonaws.com/photos/16473/medium.jpg,cc-by,"(c) Thomas Bresson, some rights reserved (CC BY)"
482294,Lilium albanicum,species,Albanian Lily,Plantae,1,84,https://en.wikipedia.org/wiki/Lilium_albanicum,https://inaturalist-open-data.s3.amazonaws.com/photos/562467054/medium.jpg,cc-by-nc,"(c) Tomasz Piotr Kozlowski, some rights reserved (CC BY-NC), uploaded by Tomasz Piotr Kozlowski"
143291,Limax cinereoniger,species,Ash-black Slug,Mollusca,1,17039,http://en.wikipedia.org/wiki/Limax_cinereoniger,https://inaturalist-open-data.s3.amazonaws.com/photos/25747216/medium.jpg,cc-by-nc,"(c) Nikolai Vladimirov, some rights reserved (CC BY-NC), uploaded by Nikolai Vladimirov"
558634,Linaria cannabina,species,Eurasian Linnet,Aves,1,59379,https://en.wikipedia.org/wiki/Common_linnet,https://inaturalist-open-data.s3.amazonaws.com/photos/447125732/medium.jpg,cc-by-nc,"(c) Samuel Beyertt, some rights reserved (CC BY-NC), uploaded by Samuel Beyertt"
124548,Lonicera xylosteum,species,Fly Honeysuckle,Plantae,1,32608,https://en.wikipedia.org/wiki/Lonicera_xylosteum,https://inaturalist-open-data.s3.amazonaws.com/photos/10145765/medium.jpeg,cc-by-nc,"(c) Rob Routledge, some rights reserved (CC BY-NC), uploaded by Rob Routledge"
164811,Lophozia wenzelii,species,Wenzel's Notchwort,Plantae,1,35,https://en.wikipedia.org/wiki/Lophozia_wenzelii,https://inaturalist-open-data.s3.amazonaws.com/photos/359767308/medium.jpg,cc-by-nc,"(c) michael-lueth, some rights reserved (CC BY-NC)"
47435,Lotus corniculatus,species,bird's-foot trefoil,Plantae,1,156851,http://en.wikipedia.org/wiki/Lotus_corniculatus,https://inaturalist-open-data.s3.amazonaws.com/photos/10133360/medium.jpg,cc-by-sa,"(c) Andreas Rockstein, some rights reserved (CC BY-SA)"
55655,Lycaena phlaeas,species,Small Copper,Insecta,1,74370,http://en.wikipedia.org/wiki/Lycaena_phlaeas,https://inaturalist-open-data.s3.amazonaws.com/photos/9450/medium.jpg,cc-by-nc,"(c) scarabaeus_58, some rights reserved (CC BY-NC)"
154654,Lycaena tityrus,species,Sooty Copper,Insecta,1,20568,http://en.wikipedia.org/wiki/Lycaena_tityrus,https://inaturalist-open-data.s3.amazonaws.com/photos/339026/medium.jpg,cc-by-nc-sa,"(c) Jose Delgar, some rights reserved (CC BY-NC-SA)"
48443,Lycoperdon perlatum,species,common puffball,Fungi,1,55963,https://en.wikipedia.org/wiki/Lycoperdon_perlatum,https://inaturalist-open-data.s3.amazonaws.com/photos/237728653/medium.jpg,cc-by-nc,"(c) Stephan Pflume, some rights reserved (CC BY-NC), uploaded by Stephan Pflume"
180365,Lycoperdon utriforme,species,Mosaic puffball,Fungi,1,5990,,https://inaturalist-open-data.s3.amazonaws.com/photos/10409995/medium.jpeg,cc-by-nc,"(c) Pablo de la Fuente Brun, some rights reserved (CC BY-NC), uploaded by Pablo de la Fuente Brun"
63401,Macrolepiota procera,species,Parasol,Fungi,1,32792,http://en.wikipedia.org/wiki/Macrolepiota_procera,https://inaturalist-open-data.s3.amazonaws.com/photos/440636205/medium.jpeg,cc-by,"(c) Lucian Clanet, some rights reserved (CC BY), uploaded by Lucian Clanet"
132875,Melitaea athalia,species,Heath Fritillary,Insecta,1,17022,http://en.wikipedia.org/wiki/Heath_fritillary,https://inaturalist-open-data.s3.amazonaws.com/photos/733810/medium.jpg,cc-by-nc-sa,"(c) Anne SORBES, some rights reserved (CC BY-NC-SA), uploaded by Anne SORBES"
498889,Meloe brevicollis,species,Short-necked Oil Beetle,Insecta,1,398,http://en.wikipedia.org/wiki/Meloe_brevicollis,https://inaturalist-open-data.s3.amazonaws.com/photos/12568247/medium.jpg,cc-by-nc,"(c) Nikolai Vladimirov, some rights reserved (CC BY-NC), uploaded by Nikolai Vladimirov"
82109,Meloe proscarabaeus,species,Black Oil Beetle,Insecta,1,16057,http://en.wikipedia.org/wiki/Meloe_proscarabaeus,https://inaturalist-open-data.s3.amazonaws.com/photos/81688574/medium.jpg,cc-by,"(c) 
Soproni János, some rights reserved (CC BY)"
323003,Minuartia recurva,species,Curved Sandwort,Plantae,1,581,https://en.wikipedia.org/wiki/Minuartia_recurva,https://inaturalist-open-data.s3.amazonaws.com/photos/410521/medium.jpg,cc-by-nc,"(c) 103917170835602529469, some rights reserved (CC BY-NC), uploaded by 103917170835602529469"
204544,Montifringilla nivalis,species,White-winged Snowfinch,Aves,1,2919,http://en.wikipedia.org/wiki/White-winged_snowfinch,https://inaturalist-open-data.s3.amazonaws.com/photos/27975599/medium.jpg,cc-by-nc-nd,"(c) Jessica Peruzzo, some rights reserved (CC BY-NC-ND), uploaded by Jessica Peruzzo"
165653,Nardus stricta,species,Matgrass,Plantae,1,4433,http://en.wikipedia.org/wiki/Nardus,https://inaturalist-open-data.s3.amazonaws.com/photos/47813422/medium.jpg,cc-by-nc,"(c) frahome, some rights reserved (CC BY-NC), uploaded by frahome"
553907,Neoboletus erythropus,species,Dotted Stem Bolete,Fungi,1,8710,,https://inaturalist-open-data.s3.amazonaws.com/photos/326321427/medium.jpg,cc-by-nc,"(c) Federico Calledda, some rights reserved (CC BY-NC), uploaded by Federico Calledda"
1279786,Noccaea bellidifolia,species,,Plantae,1,24,,https://static.inaturalist.org/photos/111599384/medium.jpeg,,"(c) Marko Doboš, all rights reserved, uploaded by Marko Doboš"
324088,Nymphalis polychloros,species,Large Tortoiseshell,Insecta,1,11551,http://en.wikipedia.org/wiki/Large_tortoiseshell,https://static.inaturalist.org/photos/23216548/medium.jpeg,,"(c) EBIOPT, all rights reserved, uploaded by EBIOPT"
60031,Orobanche alba,species,Thyme Broomrape,Plantae,1,2919,https://en.wikipedia.org/wiki/Orobanche_alba,https://static.inaturalist.org/photos/40643207/medium.jpg,,"(c) František Bednár, all rights reserved, uploaded by František Bednár"
68328,Oxythyrea funesta,species,Mediterranean Spotted Chafer,Insecta,1,61862,https://en.wikipedia.org/wiki/Oxythyrea_funesta,https://inaturalist-open-data.s3.amazonaws.com/photos/409992902/medium.jpg,cc-by-nc,"(c) Ryszard, some rights reserved (CC BY-NC)"
124539,Panaeolus semiovatus,species,Shiny Mottlegill,Fungi,1,2693,http://en.wikipedia.org/wiki/Panaeolus_semiovatus_var._semiovatus,https://inaturalist-open-data.s3.amazonaws.com/photos/77915877/medium.jpg,cc-by-nc,"(c) Rob’t, some rights reserved (CC BY-NC), uploaded by Rob’t"
166253,Pedicularis verticillata,species,Whorled Lousewort,Plantae,1,4721,http://en.wikipedia.org/wiki/Pedicularis_verticillata,https://inaturalist-open-data.s3.amazonaws.com/photos/6130591/medium.jpg,cc-by-nc-sa,"(c) M. Goff, some rights reserved (CC BY-NC-SA), uploaded by M. Goff"
485469,Philonotis calcarea,species,Thick-nerved Apple-moss,Plantae,1,188,https://en.wikipedia.org/wiki/Philonotis_calcarea,https://inaturalist-open-data.s3.amazonaws.com/photos/42991440/medium.jpg,cc-by,"(c) Andrew Melton, some rights reserved (CC BY), uploaded by Andrew Melton"
117016,Phylloscopus collybita,species,Common Chiffchaff,Aves,1,94150,http://en.wikipedia.org/wiki/Common_chiffchaff,https://inaturalist-open-data.s3.amazonaws.com/photos/232289336/medium.jpg,cc-by-nc,"(c) Mikhail Ezdakov, some rights reserved (CC BY-NC), uploaded by Mikhail Ezdakov"
117055,Phylloscopus trochilus,species,Willow Warbler,Aves,1,32737,https://en.wikipedia.org/wiki/Willow_warbler,https://inaturalist-open-data.s3.amazonaws.com/photos/165631422/medium.jpeg,cc-by-nc,"(c) Valia Pavlou, some rights reserved (CC BY-NC), uploaded by Valia Pavlou"
891696,Pica pica,species,Eurasian Magpie,Aves,1,177320,https://en.wikipedia.org/wiki/Eurasian_magpie,https://inaturalist-open-data.s3.amazonaws.com/photos/103446096/medium.jpg,cc-by-nc-sa,"(c) Agustín Povedano, some rights reserved (CC BY-NC-SA)"
63567,Picea abies,species,Norway spruce,Plantae,1,89877,http://en.wikipedia.org/wiki/Picea_abies,https://static.inaturalist.org/photos/21333741/medium.jpeg,,"(c) K Raymond, all rights reserved, uploaded by K Raymond"
135730,Pinus peuce,species,Macedonian pine,Plantae,1,456,http://en.wikipedia.org/wiki/Pinus_peuce,https://inaturalist-open-data.s3.amazonaws.com/photos/16751588/medium.jpg,cc-by-nc,"(c) Sandra Power, some rights reserved (CC BY-NC), uploaded by Sandra Power"
485473,Plagiomnium elatum,species,Tall Thyme-moss,Plantae,1,94,,https://inaturalist-open-data.s3.amazonaws.com/photos/122064504/medium.jpg,cc-by-nc,"(c) Nikolaj Gervig Correll, some rights reserved (CC BY-NC), uploaded by Nikolaj Gervig Correll"
487739,Plantago atrata,species,Mountain Plantain,Plantae,1,843,,https://inaturalist-open-data.s3.amazonaws.com/photos/75182516/medium.jpg,cc-by-nc,"(c) René Stalder, some rights reserved (CC BY-NC), uploaded by René Stalder"
461125,Poecilimon thoracicus,species,Bellied Bright Bush-cricket,Insecta,1,415,https://en.wikipedia.org/wiki/Poecilimon_thoracicus,https://inaturalist-open-data.s3.amazonaws.com/photos/41722402/medium.jpg,cc-by,"(c) Charlie Jackson, some rights reserved (CC BY)"
520131,Polygala major,species,,Plantae,1,2808,https://en.wikipedia.org/wiki/Polygala_major,https://inaturalist-open-data.s3.amazonaws.com/photos/18237738/medium.jpg,cc-by-nc,"(c) alderash, some rights reserved (CC BY-NC), uploaded by alderash"
362078,Polyommatus amandus,species,Amanda's Blue,Insecta,1,5550,http://en.wikipedia.org/wiki/Polyommatus_amandus,https://inaturalist-open-data.s3.amazonaws.com/photos/78557332/medium.jpg,cc-by-nc,"(c) Иван Тисленко, some rights reserved (CC BY-NC), uploaded by Иван Тисленко"
470754,Polysarcus denticauda,species,Bull Bush-cricket,Insecta,1,1421,http://en.wikipedia.org/wiki/Polysarcus_denticauda,https://inaturalist-open-data.s3.amazonaws.com/photos/36283864/medium.jpeg,cc-by-sa,"(c) Gilles San Martin, some rights reserved (CC BY-SA), uploaded by Gilles San Martin"
275961,Polystichum aculeatum,species,hard shield fern,Plantae,1,7169,https://en.wikipedia.org/wiki/Polystichum_aculeatum,https://inaturalist-open-data.s3.amazonaws.com/photos/111492449/medium.jpg,cc-by-sa,"(c) Erwin Gruber, some rights reserved (CC BY-SA)"
68286,Polytrichum juniperinum,species,juniper haircap moss,Plantae,1,29828,http://en.wikipedia.org/wiki/Polytrichum_juniperinum,https://inaturalist-open-data.s3.amazonaws.com/photos/56319969/medium.jpeg,cc-by-nc,"(c) Geoffrey Cox, some rights reserved (CC BY-NC), uploaded by Geoffrey Cox"
55840,Primula elatior,species,Oxlip,Plantae,1,17096,http://en.wikipedia.org/wiki/Primula_elatior,https://static.inaturalist.org/photos/466748559/medium.jpeg,,"(c) Magdalena Jędro, all rights reserved, uploaded by Magdalena Jędro"
1391837,Primula intricata,species,,Plantae,1,463,,https://inaturalist-open-data.s3.amazonaws.com/photos/140169287/medium.jpg,cc-by-nc,"(c) Luca Boscain, some rights reserved (CC BY-NC), uploaded by Luca Boscain"
13988,Prunella modularis,species,Dunnock,Aves,1,44773,http://en.wikipedia.org/wiki/Dunnock,https://inaturalist-open-data.s3.amazonaws.com/photos/409496277/medium.jpg,cc-by-nc,"(c) Ben Ackerley, some rights reserved (CC BY-NC), uploaded by Ben Ackerley"
1092837,Psammophiliella muralis,species,Low Baby's-breath,Plantae,1,4927,https://en.wikipedia.org/wiki/Psammophiliella_muralis,https://inaturalist-open-data.s3.amazonaws.com/photos/80002331/medium.jpg,cc-by,"(c) Вячеслав Юсупов, some rights reserved (CC BY), uploaded by Вячеслав Юсупов"
930962,Psorodonotus macedonicus,species,Macedonian Walking Bush-cricket,Insecta,1,79,,https://static.inaturalist.org/photos/114481829/medium.jpg,,"(c) Marc Bulte, all rights reserved, uploaded by Marc Bulte"
606726,Ptychostomum arcticum,species,,Plantae,1,5,,https://inaturalist-open-data.s3.amazonaws.com/photos/320806787/medium.jpeg,cc-by-nc,"(c) Stefan Gey, some rights reserved (CC BY-NC), uploaded by Stefan Gey"
818538,Ptychostomum pallens,species,Pale Thread-moss,Plantae,1,369,,https://inaturalist-open-data.s3.amazonaws.com/photos/398319199/medium.jpg,cc-by-nc,"(c) Braden J. Judson, some rights reserved (CC BY-NC), uploaded by Braden J. Judson"
9462,Pyrrhula pyrrhula,species,Eurasian Bullfinch,Aves,1,84772,http://en.wikipedia.org/wiki/Eurasian_bullfinch,https://inaturalist-open-data.s3.amazonaws.com/photos/43443143/medium.jpeg,cc-by-nc,"(c) Ольга Курякова, some rights reserved (CC BY-NC), uploaded by Ольга Курякова"
229774,Ramalina polymorpha,species,,Fungi,1,134,http://en.wikipedia.org/wiki/Ramalina_polymorpha,https://inaturalist-open-data.s3.amazonaws.com/photos/11357847/medium.jpeg,cc-by-nc,"(c) John Magne Grindeland, some rights reserved (CC BY-NC), uploaded by John Magne Grindeland"
56064,Ranunculus acris,species,meadow buttercup,Plantae,1,85074,http://en.wikipedia.org/wiki/Ranunculus_acris,https://inaturalist-open-data.s3.amazonaws.com/photos/134844788/medium.jpeg,cc-by-nc,"(c) rasanaturalist, some rights reserved (CC BY-NC), uploaded by rasanaturalist"
56322,Ranunculus montanus,species,Mountain Buttercup,Plantae,1,2428,https://en.wikipedia.org/wiki/Ranunculus_montanus,https://inaturalist-open-data.s3.amazonaws.com/photos/69558968/medium.jpeg,cc-by-nc,"(c) lukasdiehl, some rights reserved (CC BY-NC), uploaded by lukasdiehl"
793469,Regulus regulus,species,Goldcrest,Aves,1,33597,http://en.wikipedia.org/wiki/Goldcrest,https://inaturalist-open-data.s3.amazonaws.com/photos/339460974/medium.jpg,cc-by-nc-nd,"(c) Dave Curtis, some rights reserved (CC BY-NC-ND)"
119888,Rhizocarpon geographicum,species,yellow map lichen,Fungi,1,14267,http://en.wikipedia.org/wiki/Rhizocarpon_geographicum,https://inaturalist-open-data.s3.amazonaws.com/photos/2681423/medium.jpg,cc-by-nc-sa,"(c) Amadej Trnkoczy, some rights reserved (CC BY-NC-SA)"
824742,Rhizomarasmius epidryas,species,,Fungi,1,15,http://en.wikipedia.org/wiki/Rhizomarasmius_epidryas,https://inaturalist-open-data.s3.amazonaws.com/photos/118888892/medium.jpg,cc-by-nc,"(c) Federico Calledda, some rights reserved (CC BY-NC), uploaded by Federico Calledda"
352308,Russula sanguinea,species,bloody brittlegill,Fungi,1,8277,,https://static.inaturalist.org/photos/439337543/medium.jpeg,,"(c) Maria Dolores Matas Matas, all rights reserved, uploaded by Maria Dolores Matas Matas"
27726,Salamandra salamandra,species,Fire Salamander,Amphibia,1,58651,http://en.wikipedia.org/wiki/Fire_salamander,https://inaturalist-open-data.s3.amazonaws.com/photos/159805189/medium.jpg,cc-by,"(c) Frank Vassen, some rights reserved (CC BY)"
55846,Salix caprea,species,goat willow,Plantae,1,43271,http://en.wikipedia.org/wiki/Salix_caprea,https://inaturalist-open-data.s3.amazonaws.com/photos/52631800/medium.jpg,cc-by-nc-nd,"(c) Colin, some rights reserved (CC BY-NC-ND)"
12908,Saxicola rubetra,species,Whinchat,Aves,1,33774,http://en.wikipedia.org/wiki/Whinchat,https://inaturalist-open-data.s3.amazonaws.com/photos/64026043/medium.jpeg,cc-by,"(c) Mourad Harzallah, some rights reserved (CC BY), uploaded by Mourad Harzallah"
366279,Saxifraga exarata,species,Musky Saxifrage,Plantae,1,1594,,https://inaturalist-open-data.s3.amazonaws.com/photos/410588527/medium.jpg,cc-by-nc,"(c) Li Jianong, some rights reserved (CC BY-NC), uploaded by Li Jianong"
509874,Saxifraga marginata,species,Kabschia saxifrage,Plantae,1,284,https://en.wikipedia.org/wiki/Saxifraga_marginata,https://static.inaturalist.org/photos/168064932/medium.jpg,,"(c) Nicoară Roxana, all rights reserved, uploaded by Nicoară Roxana"
128880,Saxifraga oppositifolia,species,Purple Saxifrage,Plantae,1,9972,http://en.wikipedia.org/wiki/Saxifraga_oppositifolia,https://inaturalist-open-data.s3.amazonaws.com/photos/32017311/medium.jpeg,cc-by-nc,"(c) Anthony B. Zerafa, some rights reserved (CC BY-NC), uploaded by Anthony B. Zerafa"
85444,Saxifraga rotundifolia,species,Round-leaved Saxifrage,Plantae,1,4326,https://en.wikipedia.org/wiki/Saxifraga_rotundifolia,https://inaturalist-open-data.s3.amazonaws.com/photos/637794037/medium.jpg,cc-by-nc,"(c) Pasquale Buonpane, some rights reserved (CC BY-NC), uploaded by Pasquale Buonpane"
461421,Schistidium confertum,species,Compact Grimmia,Plantae,1,10,,https://inaturalist-open-data.s3.amazonaws.com/photos/552283965/medium.jpg,cc-by-nc,"(c) petit_bonnier, some rights reserved (CC BY-NC)"
168651,Scleranthus perennis,species,Perennial Knawel,Plantae,1,3580,https://en.wikipedia.org/wiki/Scleranthus_perennis,https://static.inaturalist.org/photos/42773965/medium.jpeg,,"(c) Bruno Ponsonnaille, all rights reserved, uploaded by Bruno Ponsonnaille"
1287150,Scorzonera purpurea,species,pur­ple sal­si­fy,Plantae,1,1983,,https://inaturalist-open-data.s3.amazonaws.com/photos/119470186/medium.jpg,cc-by-nc,"(c) Marina Privalova, some rights reserved (CC BY-NC), uploaded by Marina Privalova"
956944,Sempervivum heuffelii,species,,Plantae,1,394,,https://inaturalist-open-data.s3.amazonaws.com/photos/46809509/medium.jpeg,cc-by-nc,"(c) Slobodan Zecevic, some rights reserved (CC BY-NC), uploaded by Slobodan Zecevic"
9236,Serinus serinus,species,European Serin,Aves,1,40415,http://en.wikipedia.org/wiki/European_serin,https://static.inaturalist.org/photos/568293176/medium.jpg,,"(c) Giuseppe Citino, all rights reserved, uploaded by Giuseppe Citino"
68886,Silene acaulis,species,Moss Campion,Plantae,1,23933,https://en.wikipedia.org/wiki/Silene_acaulis,https://inaturalist-open-data.s3.amazonaws.com/photos/292886591/medium.jpg,cc-by,"(c) Katrin Simon, some rights reserved (CC BY), uploaded by Katrin Simon"
485191,Silene coronaria,species,Rose campion,Plantae,1,22819,http://en.wikipedia.org/wiki/Silene_coronaria,https://static.inaturalist.org/photos/143831898/medium.jpg,,"(c) hromnice, all rights reserved"
55759,Silene dioica,species,red campion,Plantae,1,74824,http://en.wikipedia.org/wiki/Silene_dioica,https://static.inaturalist.org/photos/130304765/medium.jpg,,"(c) Ménébrode Françoise, all rights reserved, uploaded by Ménébrode Françoise"
318926,Siona lineata,species,Black-veined Moth,Insecta,1,9359,http://en.wikipedia.org/wiki/Siona_lineata,https://inaturalist-open-data.s3.amazonaws.com/photos/3858749/medium.jpg,cc-by-nc,"(c) Martin Grimm, some rights reserved (CC BY-NC), uploaded by Martin Grimm"
61948,Stellaria graminea,species,lesser stitchwort,Plantae,1,38872,http://en.wikipedia.org/wiki/Stellaria_graminea,https://inaturalist-open-data.s3.amazonaws.com/photos/293247158/medium.jpeg,cc-by-nc,"(c) dmbeard, some rights reserved (CC BY-NC), uploaded by dmbeard"
55583,Stropharia aeruginosa,species,Verdigris Agaric,Fungi,1,4776,http://en.wikipedia.org/wiki/Stropharia_aeruginosa,https://inaturalist-open-data.s3.amazonaws.com/photos/171671477/medium.jpg,cc-by-nc,"(c) Federico Calledda, some rights reserved (CC BY-NC), uploaded by Federico Calledda"
1151702,Syntrichia ruraliformis,species,Sand-hill Screw-moss,Plantae,1,1264,,https://inaturalist-open-data.s3.amazonaws.com/photos/7914018/medium.jpg,cc-by,"(c) Paul Cook, some rights reserved (CC BY), uploaded by Paul Cook"
406483,Thalictrum aquilegiifolium,species,French meadow-rue,Plantae,1,8191,http://en.wikipedia.org/wiki/Thalictrum_aquilegiifolium,https://inaturalist-open-data.s3.amazonaws.com/photos/523579358/medium.jpg,cc-by-nc,"(c) mauro_fioretto, some rights reserved (CC BY-NC)"
1040929,Thamnolia vermicularis,species,Whiteworm Lichen,Fungi,1,3244,https://en.wikipedia.org/wiki/Thamnolia_vermicularis,https://inaturalist-open-data.s3.amazonaws.com/photos/56201083/medium.jpg,cc-by-nc,"(c) Hanna Dorval, some rights reserved (CC BY-NC), uploaded by Hanna Dorval"
1578632,Thecagaster bidentata,species,Sombre Goldenring,Insecta,1,1937,https://en.wikipedia.org/wiki/Cordulegaster_bidentata,https://inaturalist-open-data.s3.amazonaws.com/photos/549141181/medium.jpg,cc-by-nc,"(c) Emily Hjalmarson, some rights reserved (CC BY-NC), uploaded by Emily Hjalmarson"
1400708,Thesium parnassi,species,,Plantae,1,5,,https://inaturalist-open-data.s3.amazonaws.com/photos/554177293/medium.jpg,cc-by-nc,"(c) roman_romanov, some rights reserved (CC BY-NC), uploaded by roman_romanov"
334748,Trifolium alpestre,species,alpine zigzag clover,Plantae,1,5986,https://en.wikipedia.org/wiki/Trifolium_alpestre,https://inaturalist-open-data.s3.amazonaws.com/photos/1615610/medium.jpg,cc-by-nc-nd,"(c) ahmed m, some rights reserved (CC BY-NC-ND)"
51875,Trifolium pratense,species,Red Clover,Plantae,1,236475,http://en.wikipedia.org/wiki/Trifolium_pratense,https://inaturalist-open-data.s3.amazonaws.com/photos/590999108/medium.jpg,cc-by-nc,"(c) Hornbeam Arts, some rights reserved (CC BY-NC)"
359483,Trinia glauca,species,Honewort,Plantae,1,1350,http://en.wikipedia.org/wiki/Trinia_glauca,https://inaturalist-open-data.s3.amazonaws.com/photos/70918071/medium.jpeg,cc-by-nc,"(c) Paul Bowyer, some rights reserved (CC BY-NC), uploaded by Paul Bowyer"
523707,Triphosa sabaudiata,species,,Insecta,1,264,https://en.wikipedia.org/wiki/Triphosa_sabaudiata,https://inaturalist-open-data.s3.amazonaws.com/photos/301286151/medium.jpeg,cc-by-nc,"(c) Esteban PRAT, some rights reserved (CC BY-NC), uploaded by Esteban PRAT"
55798,Tulipa sylvestris,species,Wild Tulip,Plantae,1,10545,http://en.wikipedia.org/wiki/Tulipa_sylvestris,https://inaturalist-open-data.s3.amazonaws.com/photos/9672/medium.jpg,cc-by-nc-sa,"(c) AnneTanne, some rights reserved (CC BY-NC-SA)"
12707,Turdus pilaris,species,Fieldfare,Aves,1,102557,http://en.wikipedia.org/wiki/Fieldfare,https://static.inaturalist.org/photos/6651903/medium.jpg,,"(c) František Bednár, all rights reserved, uploaded by František Bednár"
56222,Tussilago farfara,species,colt's-foot,Plantae,1,135946,http://en.wikipedia.org/wiki/Tussilago,https://inaturalist-open-data.s3.amazonaws.com/photos/597146847/medium.jpg,cc-by-nc,"(c) snsergeevna, some rights reserved (CC BY-NC)"
352781,Usnea barbata,species,,Fungi,1,2280,,https://inaturalist-open-data.s3.amazonaws.com/photos/173211361/medium.jpeg,cc-by-nc-sa,"(c) Nuno Veríssimo P., some rights reserved (CC BY-NC-SA), uploaded by Nuno Veríssimo P."
54333,Veronica beccabunga,species,Brooklime,Plantae,1,14100,http://en.wikipedia.org/wiki/Veronica_beccabunga,https://inaturalist-open-data.s3.amazonaws.com/photos/112606874/medium.jpg,cc-by-nc,"(c) Vladimir Bryukhov, some rights reserved (CC BY-NC), uploaded by Vladimir Bryukhov"
51610,Veronica chamaedrys,species,Germander Speedwell,Plantae,1,107868,http://en.wikipedia.org/wiki/Veronica_chamaedrys,https://inaturalist-open-data.s3.amazonaws.com/photos/291786073/medium.jpg,cc-by,"(c) Joseph Hubbard, some rights reserved (CC BY), uploaded by Joseph Hubbard"
738832,Veronica kindlii,species,,Plantae,1,10,,https://inaturalist-open-data.s3.amazonaws.com/photos/116667734/medium.jpeg,cc-by,"(c) Todd Boland, some rights reserved (CC BY), uploaded by Todd Boland"
335909,Viola suavis,species,Russian Violet,Plantae,1,3070,,https://inaturalist-open-data.s3.amazonaws.com/photos/96653647/medium.jpeg,cc-by-nc,"(c) Anastasia Davydova, some rights reserved (CC BY-NC), uploaded by Anastasia Davydova"
55576,Xanthoria parietina,species,Common Sunburst Lichen,Fungi,1,110905,https://en.wikipedia.org/wiki/Xanthoria_parietina,https://inaturalist-open-data.s3.amazonaws.com/photos/242377236/medium.jpg,cc-by-nc,"(c) viktoria1111, some rights reserved (CC BY-NC)"
124145,Xylocopa violacea,species,Violet Carpenter Bee,Insecta,1,21171,http://en.wikipedia.org/wiki/Xylocopa_violacea,https://inaturalist-open-data.s3.amazonaws.com/photos/471610276/medium.jpg,cc-by-nc,"(c) Francis Forlivesi, some rights reserved (CC BY-NC), uploaded by Francis Forlivesi"
